{
  "name": "Salesforce UI onClickToDial",
  "actions": [
    {
      "id": "0",
      "type": "SE_Start",
      "controls": {},
      "ports": {
        "done": "1"
      },
      "position": [
        -288,
        16
      ]
    },
    {
      "id": "1",
      "type": "SE_AgentDialNumber",
      "controls": {
        "phoneNumber": "$.payload.number"
      },
      "ports": {
        "success": "2",
        "failure": "2"
      },
      "position": [
        10,
        10
      ]
    },
    {
      "id": "2",
      "type": "SE_End",
      "controls": null,
      "position": [
        384,
        16
      ]
    }
  ]
}