{
  "name": "QueueCallbackContact.onIncoming",
  "actions": [
    {
      "id": "0",
      "type": "SE_Start",
      "controls": {},
      "ports": {
        "done": "1"
      },
      "position": [
        -288,
        16
      ]
    },
    {
      "id": "1",
      "type": "SE_SFSearchAndScreenpop",
      "controls": {
        "searchParams": "$.contact.parsedNumber.phone",
        "queryParams": null,
        "defaultFieldValues": null,
        "callType": "inbound",
        "deferred": false
      },
      "ports": {
        "success": "4",
        "failure": "4"
      },
      "position": [
        10,
        10
      ]
    },
    {
      "id": "4",
      "type": "SE_End",
      "controls": null,
      "position": [
        384,
        16
      ]
    }
  ]
}